<?xml version="1.0" encoding="utf-8"?>
<feed xmlns="http://www.w3.org/2005/Atom">
  <title>ShiinaBaka</title>
  
  
  <link href="http://shiinabaka.github.io/atom.xml" rel="self"/>
  
  <link href="http://shiinabaka.github.io/"/>
  <updated>2021-01-10T05:17:24.097Z</updated>
  <id>http://shiinabaka.github.io/</id>
  
  <author>
    <name>ShiinaBaka</name>
    
  </author>
  
  <generator uri="https://hexo.io/">Hexo</generator>
  
  <entry>
    <title>Welcome to Shiina&#39;s Blog</title>
    <link href="http://shiinabaka.github.io/2021/01/10/Welcome%20to%20Shiina&#39;s%20Blog/"/>
    <id>http://shiinabaka.github.io/2021/01/10/Welcome%20to%20Shiina&#39;s%20Blog/</id>
    <published>2021-01-10T05:15:16.212Z</published>
    <updated>2021-01-10T05:17:24.097Z</updated>
    
    
      
      
        
        
    <summary type="html">&lt;h1 id=&quot;Welcome-to-Shiina’s-Blog&quot;&gt;&lt;a href=&quot;#Welcome-to-Shiina’s-Blog&quot; class=&quot;headerlink&quot; title=&quot;Welcome to Shiina’s</summary>
        
      
    
    
    
    
  </entry>
  
</feed>
